Workbook

Sheet Summary
A1: PO Commission Summary — Sep 2025 to Aug 2026
A2: Grouped by PO order month. All figures pulled live from the brand sheets (SAR).
A4: Month | B4: Marah | C4: SONDOS | D4: Wadi Halfa | E4: Total Commission | F4: Total Received
A5: 45901 | B5: =SUMIFS(Marah!$L$5:$L$109,Marah!$C$5:$C$109,">="&$A5,Marah!$C$5:$C$109,"<"&EDATE($A5,1)) -> 0 | C5: =SUMIFS(SONDOS!$L$5:$L$74,SONDOS!$C$5:$C$74,">="&$A5,SONDOS!$C$5:$C$74,"<"&EDATE($A5,1)) -> 12.34 | D5: =SUMIFS('Wadi Halfa'!$L$5:$L$28,'Wadi Halfa'!$C$5:$C$28,">="&$A5,'Wadi Halfa'!$C$5:$C$28,"<"&EDATE($A5,1)) -> 0 | E5: =SUM(B5:D5) -> 12.34 | F5: =SUMIFS(Marah!$H$5:$H$109,Marah!$C$5:$C$109,">="&$A5,Marah!$C$5:$C$109,"<"&EDATE($A5,1))+SUMIFS(SONDOS!$H$5:$H$74,SONDOS!$C$5:$C$74,">="&$A5,SONDOS!$C$5:$C$74,"<"&EDATE($A5,1))+SUMIFS('Wadi Halfa'!$H$5:$H$28,'Wadi Halfa'!$C$5:$C$28,">="&$A5,'Wadi Halfa'!$C$5:$C$28,"<"&EDATE($A5,1)) -> 205.6
A6: 45931 | B6: =SUMIFS(Marah!$L$5:$L$109,Marah!$C$5:$C$109,">="&$A6,Marah!$C$5:$C$109,"<"&EDATE($A6,1)) -> 23.88 | C6: =SUMIFS(SONDOS!$L$5:$L$74,SONDOS!$C$5:$C$74,">="&$A6,SONDOS!$C$5:$C$74,"<"&EDATE($A6,1)) -> 66.1 | D6: =SUMIFS('Wadi Halfa'!$L$5:$L$28,'Wadi Halfa'!$C$5:$C$28,">="&$A6,'Wadi Halfa'!$C$5:$C$28,"<"&EDATE($A6,1)) -> 0 | E6: =SUM(B6:D6) -> 89.98 | F6: =SUMIFS(Marah!$H$5:$H$109,Marah!$C$5:$C$109,">="&$A6,Marah!$C$5:$C$109,"<"&EDATE($A6,1))+SUMIFS(SONDOS!$H$5:$H$74,SONDOS!$C$5:$C$74,">="&$A6,SONDOS!$C$5:$C$74,"<"&EDATE($A6,1))+SUMIFS('Wadi Halfa'!$H$5:$H$28,'Wadi Halfa'!$C$5:$C$28,">="&$A6,'Wadi Halfa'!$C$5:$C$28,"<"&EDATE($A6,1)) -> 1499.6
A7: 45962 | B7: =SUMIFS(Marah!$L$5:$L$109,Marah!$C$5:$C$109,">="&$A7,Marah!$C$5:$C$109,"<"&EDATE($A7,1)) -> 141.49 | C7: =SUMIFS(SONDOS!$L$5:$L$74,SONDOS!$C$5:$C$74,">="&$A7,SONDOS!$C$5:$C$74,"<"&EDATE($A7,1)) -> 264.59 | D7: =SUMIFS('Wadi Halfa'!$L$5:$L$28,'Wadi Halfa'!$C$5:$C$28,">="&$A7,'Wadi Halfa'!$C$5:$C$28,"<"&EDATE($A7,1)) -> 0 | E7: =SUM(B7:D7) -> 406.08 | F7: =SUMIFS(Marah!$H$5:$H$109,Marah!$C$5:$C$109,">="&$A7,Marah!$C$5:$C$109,"<"&EDATE($A7,1))+SUMIFS(SONDOS!$H$5:$H$74,SONDOS!$C$5:$C$74,">="&$A7,SONDOS!$C$5:$C$74,"<"&EDATE($A7,1))+SUMIFS('Wadi Halfa'!$H$5:$H$28,'Wadi Halfa'!$C$5:$C$28,">="&$A7,'Wadi Halfa'!$C$5:$C$28,"<"&EDATE($A7,1)) -> 6767.9
A8: 45992 | B8: =SUMIFS(Marah!$L$5:$L$109,Marah!$C$5:$C$109,">="&$A8,Marah!$C$5:$C$109,"<"&EDATE($A8,1)) -> 125.15 | C8: =SUMIFS(SONDOS!$L$5:$L$74,SONDOS!$C$5:$C$74,">="&$A8,SONDOS!$C$5:$C$74,"<"&EDATE($A8,1)) -> 42.83 | D8: =SUMIFS('Wadi Halfa'!$L$5:$L$28,'Wadi Halfa'!$C$5:$C$28,">="&$A8,'Wadi Halfa'!$C$5:$C$28,"<"&EDATE($A8,1)) -> 0 | E8: =SUM(B8:D8) -> 167.98 | F8: =SUMIFS(Marah!$H$5:$H$109,Marah!$C$5:$C$109,">="&$A8,Marah!$C$5:$C$109,"<"&EDATE($A8,1))+SUMIFS(SONDOS!$H$5:$H$74,SONDOS!$C$5:$C$74,">="&$A8,SONDOS!$C$5:$C$74,"<"&EDATE($A8,1))+SUMIFS('Wadi Halfa'!$H$5:$H$28,'Wadi Halfa'!$C$5:$C$28,">="&$A8,'Wadi Halfa'!$C$5:$C$28,"<"&EDATE($A8,1)) -> 2799.6
A9: 46023 | B9: =SUMIFS(Marah!$L$5:$L$109,Marah!$C$5:$C$109,">="&$A9,Marah!$C$5:$C$109,"<"&EDATE($A9,1)) -> 275.73 | C9: =SUMIFS(SONDOS!$L$5:$L$74,SONDOS!$C$5:$C$74,">="&$A9,SONDOS!$C$5:$C$74,"<"&EDATE($A9,1)) -> 25.32 | D9: =SUMIFS('Wadi Halfa'!$L$5:$L$28,'Wadi Halfa'!$C$5:$C$28,">="&$A9,'Wadi Halfa'!$C$5:$C$28,"<"&EDATE($A9,1)) -> 0 | E9: =SUM(B9:D9) -> 301.05 | F9: =SUMIFS(Marah!$H$5:$H$109,Marah!$C$5:$C$109,">="&$A9,Marah!$C$5:$C$109,"<"&EDATE($A9,1))+SUMIFS(SONDOS!$H$5:$H$74,SONDOS!$C$5:$C$74,">="&$A9,SONDOS!$C$5:$C$74,"<"&EDATE($A9,1))+SUMIFS('Wadi Halfa'!$H$5:$H$28,'Wadi Halfa'!$C$5:$C$28,">="&$A9,'Wadi Halfa'!$C$5:$C$28,"<"&EDATE($A9,1)) -> 5017.4
A10: 46054 | B10: =SUMIFS(Marah!$L$5:$L$109,Marah!$C$5:$C$109,">="&$A10,Marah!$C$5:$C$109,"<"&EDATE($A10,1)) -> 176.49 | C10: =SUMIFS(SONDOS!$L$5:$L$74,SONDOS!$C$5:$C$74,">="&$A10,SONDOS!$C$5:$C$74,"<"&EDATE($A10,1)) -> 93.96 | D10: =SUMIFS('Wadi Halfa'!$L$5:$L$28,'Wadi Halfa'!$C$5:$C$28,">="&$A10,'Wadi Halfa'!$C$5:$C$28,"<"&EDATE($A10,1)) -> 0 | E10: =SUM(B10:D10) -> 270.45 | F10: =SUMIFS(Marah!$H$5:$H$109,Marah!$C$5:$C$109,">="&$A10,Marah!$C$5:$C$109,"<"&EDATE($A10,1))+SUMIFS(SONDOS!$H$5:$H$74,SONDOS!$C$5:$C$74,">="&$A10,SONDOS!$C$5:$C$74,"<"&EDATE($A10,1))+SUMIFS('Wadi Halfa'!$H$5:$H$28,'Wadi Halfa'!$C$5:$C$28,">="&$A10,'Wadi Halfa'!$C$5:$C$28,"<"&EDATE($A10,1)) -> 4507.64
A11: 46082 | B11: =SUMIFS(Marah!$L$5:$L$109,Marah!$C$5:$C$109,">="&$A11,Marah!$C$5:$C$109,"<"&EDATE($A11,1)) -> 98.86 | C11: =SUMIFS(SONDOS!$L$5:$L$74,SONDOS!$C$5:$C$74,">="&$A11,SONDOS!$C$5:$C$74,"<"&EDATE($A11,1)) -> 141.06 | D11: =SUMIFS('Wadi Halfa'!$L$5:$L$28,'Wadi Halfa'!$C$5:$C$28,">="&$A11,'Wadi Halfa'!$C$5:$C$28,"<"&EDATE($A11,1)) -> 0 | E11: =SUM(B11:D11) -> 239.92 | F11: =SUMIFS(Marah!$H$5:$H$109,Marah!$C$5:$C$109,">="&$A11,Marah!$C$5:$C$109,"<"&EDATE($A11,1))+SUMIFS(SONDOS!$H$5:$H$74,SONDOS!$C$5:$C$74,">="&$A11,SONDOS!$C$5:$C$74,"<"&EDATE($A11,1))+SUMIFS('Wadi Halfa'!$H$5:$H$28,'Wadi Halfa'!$C$5:$C$28,">="&$A11,'Wadi Halfa'!$C$5:$C$28,"<"&EDATE($A11,1)) -> 3998.8
A12: 46113 | B12: =SUMIFS(Marah!$L$5:$L$109,Marah!$C$5:$C$109,">="&$A12,Marah!$C$5:$C$109,"<"&EDATE($A12,1)) -> 558.88 | C12: =SUMIFS(SONDOS!$L$5:$L$74,SONDOS!$C$5:$C$74,">="&$A12,SONDOS!$C$5:$C$74,"<"&EDATE($A12,1)) -> 145.71 | D12: =SUMIFS('Wadi Halfa'!$L$5:$L$28,'Wadi Halfa'!$C$5:$C$28,">="&$A12,'Wadi Halfa'!$C$5:$C$28,"<"&EDATE($A12,1)) -> 0 | E12: =SUM(B12:D12) -> 704.59 | F12: =SUMIFS(Marah!$H$5:$H$109,Marah!$C$5:$C$109,">="&$A12,Marah!$C$5:$C$109,"<"&EDATE($A12,1))+SUMIFS(SONDOS!$H$5:$H$74,SONDOS!$C$5:$C$74,">="&$A12,SONDOS!$C$5:$C$74,"<"&EDATE($A12,1))+SUMIFS('Wadi Halfa'!$H$5:$H$28,'Wadi Halfa'!$C$5:$C$28,">="&$A12,'Wadi Halfa'!$C$5:$C$28,"<"&EDATE($A12,1)) -> 11743.24
A13: 46143 | B13: =SUMIFS(Marah!$L$5:$L$109,Marah!$C$5:$C$109,">="&$A13,Marah!$C$5:$C$109,"<"&EDATE($A13,1)) -> 376.86 | C13: =SUMIFS(SONDOS!$L$5:$L$74,SONDOS!$C$5:$C$74,">="&$A13,SONDOS!$C$5:$C$74,"<"&EDATE($A13,1)) -> 139.53 | D13: =SUMIFS('Wadi Halfa'!$L$5:$L$28,'Wadi Halfa'!$C$5:$C$28,">="&$A13,'Wadi Halfa'!$C$5:$C$28,"<"&EDATE($A13,1)) -> 0 | E13: =SUM(B13:D13) -> 516.39 | F13: =SUMIFS(Marah!$H$5:$H$109,Marah!$C$5:$C$109,">="&$A13,Marah!$C$5:$C$109,"<"&EDATE($A13,1))+SUMIFS(SONDOS!$H$5:$H$74,SONDOS!$C$5:$C$74,">="&$A13,SONDOS!$C$5:$C$74,"<"&EDATE($A13,1))+SUMIFS('Wadi Halfa'!$H$5:$H$28,'Wadi Halfa'!$C$5:$C$28,">="&$A13,'Wadi Halfa'!$C$5:$C$28,"<"&EDATE($A13,1)) -> 8606.9
A14: 46174 | B14: =SUMIFS(Marah!$L$5:$L$109,Marah!$C$5:$C$109,">="&$A14,Marah!$C$5:$C$109,"<"&EDATE($A14,1)) -> 145.79 | C14: =SUMIFS(SONDOS!$L$5:$L$74,SONDOS!$C$5:$C$74,">="&$A14,SONDOS!$C$5:$C$74,"<"&EDATE($A14,1)) -> 105.06 | D14: =SUMIFS('Wadi Halfa'!$L$5:$L$28,'Wadi Halfa'!$C$5:$C$28,">="&$A14,'Wadi Halfa'!$C$5:$C$28,"<"&EDATE($A14,1)) -> 38.15 | E14: =SUM(B14:D14) -> 289 | F14: =SUMIFS(Marah!$H$5:$H$109,Marah!$C$5:$C$109,">="&$A14,Marah!$C$5:$C$109,"<"&EDATE($A14,1))+SUMIFS(SONDOS!$H$5:$H$74,SONDOS!$C$5:$C$74,">="&$A14,SONDOS!$C$5:$C$74,"<"&EDATE($A14,1))+SUMIFS('Wadi Halfa'!$H$5:$H$28,'Wadi Halfa'!$C$5:$C$28,">="&$A14,'Wadi Halfa'!$C$5:$C$28,"<"&EDATE($A14,1)) -> 5134.95
A15: 46204 | B15: =SUMIFS(Marah!$L$5:$L$109,Marah!$C$5:$C$109,">="&$A15,Marah!$C$5:$C$109,"<"&EDATE($A15,1)) -> 326.71 | C15: =SUMIFS(SONDOS!$L$5:$L$74,SONDOS!$C$5:$C$74,">="&$A15,SONDOS!$C$5:$C$74,"<"&EDATE($A15,1)) -> 35.35 | D15: =SUMIFS('Wadi Halfa'!$L$5:$L$28,'Wadi Halfa'!$C$5:$C$28,">="&$A15,'Wadi Halfa'!$C$5:$C$28,"<"&EDATE($A15,1)) -> 151.02 | E15: =SUM(B15:D15) -> 513.08 | F15: =SUMIFS(Marah!$H$5:$H$109,Marah!$C$5:$C$109,">="&$A15,Marah!$C$5:$C$109,"<"&EDATE($A15,1))+SUMIFS(SONDOS!$H$5:$H$74,SONDOS!$C$5:$C$74,">="&$A15,SONDOS!$C$5:$C$74,"<"&EDATE($A15,1))+SUMIFS('Wadi Halfa'!$H$5:$H$28,'Wadi Halfa'!$C$5:$C$28,">="&$A15,'Wadi Halfa'!$C$5:$C$28,"<"&EDATE($A15,1)) -> 9809.94
A16: 46235 | B16: =SUMIFS(Marah!$L$5:$L$109,Marah!$C$5:$C$109,">="&$A16,Marah!$C$5:$C$109,"<"&EDATE($A16,1)) -> 55.85 | C16: =SUMIFS(SONDOS!$L$5:$L$74,SONDOS!$C$5:$C$74,">="&$A16,SONDOS!$C$5:$C$74,"<"&EDATE($A16,1)) -> 14.69 | D16: =SUMIFS('Wadi Halfa'!$L$5:$L$28,'Wadi Halfa'!$C$5:$C$28,">="&$A16,'Wadi Halfa'!$C$5:$C$28,"<"&EDATE($A16,1)) -> 128.95 | E16: =SUM(B16:D16) -> 199.49 | F16: =SUMIFS(Marah!$H$5:$H$109,Marah!$C$5:$C$109,">="&$A16,Marah!$C$5:$C$109,"<"&EDATE($A16,1))+SUMIFS(SONDOS!$H$5:$H$74,SONDOS!$C$5:$C$74,">="&$A16,SONDOS!$C$5:$C$74,"<"&EDATE($A16,1))+SUMIFS('Wadi Halfa'!$H$5:$H$28,'Wadi Halfa'!$C$5:$C$28,">="&$A16,'Wadi Halfa'!$C$5:$C$28,"<"&EDATE($A16,1)) -> 4399.37
A17: Total | B17: =SUM(B5:B16) -> 2305.69 | C17: =SUM(C5:C16) -> 1086.54 | D17: =SUM(D5:D16) -> 318.12 | E17: =SUM(E5:E16) -> 3710.35 | F17: =SUM(F5:F16) -> 64490.94

Sheet Marah
A1: Marah — Vendor Purchase Orders & Commission
A2: Commission rate (of received): | B2: 0.06 | D2: Commission per PO = ROUND(Received × rate, 2). Source: vendor PO dashboard export; delivered dates from Nasam.
A4: PO Number | B4: Channel | C4: Order Date | D4: Delivered Date | E4: FC | F4: Units | G4: Requested (SAR) | H4: Received (SAR) | I4: Accept % | J4: Fulfill % | K4: Outcome | L4: Commission (SAR)
A5: 8VVFT9PI | B5: Amazon Retail | C5: 45914 | D5: 46082 | E5: JED4 | F5: 76 | G5: 2138.4 | H5: 0 | I5: 0 | J5: 0 | K5: Cancelled | L5: =ROUND(H5*$B$2,2) -> 0
A6: 3EZ3B41A | B6: Amazon Retail | C6: 45925 | D6: 46082 | E6: JED4 | F6: 5 | G6: 55 | H6: 0 | I6: 1 | J6: 0 | K6: Cancelled | L6: =ROUND(H6*$B$2,2) -> 0
A7: 2OR6EQMN | B7: Amazon Retail | C7: 45928 | D7: 46082 | E7: JED4 | F7: 5 | G7: 55 | H7: 0 | I7: 1 | J7: 0 | K7: Cancelled | L7: =ROUND(H7*$B$2,2) -> 0
A8: 13XNC3UZ | B8: Amazon Retail | C8: 45935 | D8: 46082 | E8: JED4 | F8: 36 | G8: 1279.2 | H8: 0 | I8: 0 | J8: 0 | K8: Cancelled | L8: =ROUND(H8*$B$2,2) -> 0
A9: 8C8ZHJUB | B9: Amazon Retail | C9: 45935 | D9: 46082 | E9: RUH8 | F9: 5 | G9: 55 | H9: 0 | I9: 0 | J9: 0 | K9: Cancelled | L9: =ROUND(H9*$B$2,2) -> 0
A10: 4TN3ZVSL | B10: Amazon Retail | C10: 45942 | D10: 46022 | E10: JED4 | F10: 21 | G10: 609.4 | H10: 288 | I10: 1 | J10: 0.47 | K10: Cancelled | L10: =ROUND(H10*$B$2,2) -> 17.28
A11: 6PP725QB | B11: Amazon Retail | C11: 45942 | D11: 45963 | E11: RUH8 | F11: 20 | G11: 223.5 | H11: 110 | I11: 1 | J11: 0.49 | K11: Shortage | L11: =ROUND(H11*$B$2,2) -> 6.6
A12: 5NRV1UJB | B12: Amazon Retail | C12: 45949 | D12: 46082 | E12: JED4 | F12: 128 | G12: 898.1 | H12: 0 | I12: 0 | J12: 0 | K12: Cancelled | L12: =ROUND(H12*$B$2,2) -> 0
A13: 78NAQWEM | B13: Amazon Retail | C13: 45949 | D13: 46082 | E13: RUH8 | F13: 320 | G13: 1911.5 | H13: 0 | I13: 0 | J13: 0 | K13: Cancelled | L13: =ROUND(H13*$B$2,2) -> 0
A14: 71RVXBLU | B14: Amazon Retail | C14: 45951 | D14: 46082 | E14: RUH8 | F14: 2 | G14: 51.6 | H14: 0 | I14: 0 | J14: 0 | K14: Cancelled | L14: =ROUND(H14*$B$2,2) -> 0
A15: 7PSVFJOX | B15: Amazon Retail | C15: 45956 | D15: 46082 | E15: JED4 | F15: 123 | G15: 892.7 | H15: 0 | I15: 0 | J15: 0 | K15: Cancelled | L15: =ROUND(H15*$B$2,2) -> 0
A16: 8RSMCYZA | B16: Amazon Retail | C16: 45956 | D16: 46082 | E16: RUH8 | F16: 281 | G16: 1582.7 | H16: 0 | I16: 0 | J16: 0 | K16: Cancelled | L16: =ROUND(H16*$B$2,2) -> 0
... A109: 53LUQGQJ | B109: Amazon Retail | C109: 46240 | D109: 46246 | E109: JED4 | F109: 10 | G109: 110 | H109: 110 | I109: 1 | J109: 1 | K109: Delivered | L109: =ROUND(H109*$B$2,2) -> 6.6
A110: Total | F110: =SUM(F5:F109) -> 8328 | G110: =SUM(G5:G109) -> 67833.3 | H110: =SUM(H5:H109) -> 38429.08 | L110: =SUM(L5:L109) -> 2305.69

Sheet SONDOS
A1: SONDOS — Vendor Purchase Orders & Commission
A2: Commission rate (of received): | B2: 0.06 | D2: Commission per PO = ROUND(Received × rate, 2). Source: vendor PO dashboard export; delivered dates from Nasam.
A4: PO Number | B4: Channel | C4: Order Date | D4: Delivered Date | E4: FC | F4: Units | G4: Requested (SAR) | H4: Received (SAR) | I4: Accept % | J4: Fulfill % | K4: Outcome | L4: Commission (SAR)
A5: 8VVFT9PI | B5: Amazon Retail | C5: 45914 | D5: 46082 | E5: JED4 | F5: 6 | G5: 328.8 | H5: 0 | I5: 0 | J5: 0 | K5: Cancelled | L5: =ROUND(H5*$B$2,2) -> 0
A6: 6CRLP61F | B6: Amazon Retail | C6: 45921 | D6: 46082 | E6: JED4 | F6: 5 | G6: 309.2 | H6: 0 | I6: 1 | J6: 0 | K6: Cancelled | L6: =ROUND(H6*$B$2,2) -> 0
A7: 2OR6EQMN | B7: Amazon Retail | C7: 45928 | D7: 46082 | E7: JED4 | F7: 6 | G7: 331.64 | H7: 0 | I7: 1 | J7: 0 | K7: Cancelled | L7: =ROUND(H7*$B$2,2) -> 0
A8: 32EZOEJU | B8: Amazon Retail | C8: 45928 | D8: 46082 | E8: RUH8 | F8: 1 | G8: 102.8 | H8: 205.6 | I8: 1 | J8: 2 | K8: Delivered | L8: =ROUND(H8*$B$2,2) -> 12.34
A9: 13XNC3UZ | B9: Amazon Retail | C9: 45935 | D9: 46082 | E9: JED4 | F9: 4 | G9: 164.4 | H9: 0 | I9: 0 | J9: 0 | K9: Cancelled | L9: =ROUND(H9*$B$2,2) -> 0
A10: 8C8ZHJUB | B10: Amazon Retail | C10: 45935 | D10: 46082 | E10: RUH8 | F10: 12 | G10: 90 | H10: 0 | I10: 0 | J10: 0 | K10: Cancelled | L10: =ROUND(H10*$B$2,2) -> 0
A11: 4TN3ZVSL | B11: Amazon Retail | C11: 45942 | D11: 46022 | E11: JED4 | F11: 8 | G11: 476.4 | H11: 0 | I11: 1 | J11: 0 | K11: Cancelled | L11: =ROUND(H11*$B$2,2) -> 0
A12: 6PP725QB | B12: Amazon Retail | C12: 45942 | D12: 45963 | E12: RUH8 | F12: 18 | G12: 1101.6 | H12: 1101.6 | I12: 1 | J12: 1 | K12: Delivered | L12: =ROUND(H12*$B$2,2) -> 66.1
A13: 5NRV1UJB | B13: Amazon Retail | C13: 45949 | D13: 46082 | E13: JED4 | F13: 20 | G13: 1224 | H13: 0 | I13: 0 | J13: 0 | K13: Cancelled | L13: =ROUND(H13*$B$2,2) -> 0
A14: 78NAQWEM | B14: Amazon Retail | C14: 45949 | D14: 46082 | E14: RUH8 | F14: 14 | G14: 212.4 | H14: 0 | I14: 0 | J14: 0 | K14: Cancelled | L14: =ROUND(H14*$B$2,2) -> 0
A15: 7PSVFJOX | B15: Amazon Retail | C15: 45956 | D15: 46082 | E15: JED4 | F15: 30 | G15: 1548.78 | H15: 0 | I15: 0 | J15: 0 | K15: Cancelled | L15: =ROUND(H15*$B$2,2) -> 0
A16: 8RSMCYZA | B16: Amazon Retail | C16: 45956 | D16: 46082 | E16: RUH8 | F16: 30 | G16: 225 | H16: 0 | I16: 0 | J16: 0 | K16: Cancelled | L16: =ROUND(H16*$B$2,2) -> 0
... A74: 1F6WGJRN | B74: Amazon Retail | C74: 46236 | D74: 46238 | E74: RDF1 | F74: 4 | G74: 244.8 | H74: 244.8 | I74: 1 | J74: 1 | K74: Delivered | L74: =ROUND(H74*$B$2,2) -> 14.69
A75: Total | F75: =SUM(F5:F74) -> 1294 | G75: =SUM(G5:G74) -> 40749.41 | H75: =SUM(H5:H74) -> 18108.9 | L75: =SUM(L5:L74) -> 1086.54

Sheet Wadi Halfa
A1: Wadi Halfa — Vendor Purchase Orders & Commission
A2: Commission rate (of received): | B2: 0.04 | D2: Commission per PO = ROUND(Received × rate, 2). Source: vendor PO dashboard export; delivered dates from Nasam.
A4: PO Number | B4: Channel | C4: Order Date | D4: Delivered Date | E4: FC | F4: Units | G4: Requested (SAR) | H4: Received (SAR) | I4: Accept % | J4: Fulfill % | K4: Outcome | L4: Commission (SAR)
A5: 523FHETX | B5: Amazon Retail | C5: 46195 | D5: 46213 | E5: RUH8 | F5: 61 | G5: 786.25 | H5: 321.75 | I5: 1 | J5: 0.41 | K5: Shortage | L5: =ROUND(H5*$B$2,2) -> 12.87
A6: 556EF2MV | B6: Amazon Retail | C6: 46195 | D6: 46204 | E6: JED4 | F6: 5 | G6: 31.72 | H6: 0 | I6: 0 | J6: 0 | K6: Cancelled | L6: =ROUND(H6*$B$2,2) -> 0
A7: 4KDCOEYS | B7: Amazon Retail | C7: 46201 | D7: 46213 | E7: RUH8 | F7: 32 | G7: 650.32 | H7: 632.1 | I7: 1 | J7: 0.97 | K7: Shortage | L7: =ROUND(H7*$B$2,2) -> 25.28
A8: 5P6LCJKX | B8: Amazon Retail | C8: 46201 | D8: 46208 | E8: JED4 | F8: 3 | G8: 27.45 | H8: 0 | I8: 0 | J8: 0 | K8: Cancelled | L8: =ROUND(H8*$B$2,2) -> 0
A9: 2J8AQOKT | B9: Amazon Retail | C9: 46205 | D9: 46232 | E9: JED4 | F9: 37 | G9: 337.07 | H9: 0 | I9: 0 | J9: 0 | K9: Cancelled | L9: =ROUND(H9*$B$2,2) -> 0
A10: 6YZAV7QM | B10: Amazon Retail | C10: 46205 | D10: 46232 | E10: RUH8 | F10: 17 | G10: 154.87 | H10: 0 | I10: 1 | J10: 0 | K10: Unfulfilled | L10: =ROUND(H10*$B$2,2) -> 0
A11: 78WHY2TK | B11: Amazon Retail | C11: 46208 | D11: 46215 | E11: JED4 | F11: 11 | G11: 100.33 | H11: 0 | I11: 0 | J11: 0 | K11: Cancelled | L11: =ROUND(H11*$B$2,2) -> 0
A12: 7WSXCEOX | B12: Amazon Retail | C12: 46208 | D12: 46215 | E12: RUH8 | F12: 2 | G12: 18.22 | H12: 0 | I12: 0 | J12: 0 | K12: Cancelled | L12: =ROUND(H12*$B$2,2) -> 0
A13: 2VN7XBLN | B13: Amazon Retail | C13: 46210 | D13: 46232 | E13: JED4 | F13: 3 | G13: 13.5 | H13: 0 | I13: 0 | J13: 0 | K13: Cancelled | L13: =ROUND(H13*$B$2,2) -> 0
A14: 87FRUE2D | B14: Amazon Retail | C14: 46210 | D14: 46232 | E14: RUH8 | F14: 2 | G14: 13.61 | H14: 0 | I14: 0 | J14: 0 | K14: Cancelled | L14: =ROUND(H14*$B$2,2) -> 0
A15: 4IRG4GZO | B15: Amazon Retail | C15: 46211 | D15: 46232 | E15: RUH8 | F15: 9 | G15: 68.16 | H15: 0 | I15: 0 | J15: 0 | K15: Cancelled | L15: =ROUND(H15*$B$2,2) -> 0
A16: 4WXUVDTB | B16: Amazon Retail | C16: 46211 | D16: 46232 | E16: JED4 | F16: 3 | G16: 13.5 | H16: 0 | I16: 0 | J16: 0 | K16: Cancelled | L16: =ROUND(H16*$B$2,2) -> 0
... A28: PO2600651819 | B28: Ninja Retail | C28: 46237 | D28: 46247 | E28: JED4 | F28: 140 | G28: 1215.17 | H28: 1215.17 | I28: 1 | J28: 1 | K28: Delivered | L28: =ROUND(H28*$B$2,2) -> 48.61
A29: Total | F29: =SUM(F5:F28) -> 1260 | G29: =SUM(G5:G28) -> 11782.16 | H29: =SUM(H5:H28) -> 7952.96 | L29: =SUM(L5:L28) -> 318.12
