Workbook

Sheet High & Urgent Leads
A1: # | B1: Lead / Brand | C1: Status | D1: Priority | E1: Assignee(s) | F1: Lead Source | G1: Contact Person | H1: Phone | I1: City | J1: Store URL | K1: Started Date | L1: Closing Date | M1: Due Date | N1: Created | O1: Last Updated | P1: Last Update (note) | Q1: ClickUp Link | R1: Task ID
A2: 1 | B2: Abdul Latif Jameel Electronics | C2: opportunity | D2: urgent | E2: mohamed eladawy | F2: mohamed eladawy | J2: https://alje.com/ | N2: 46273.489 | O2: 46273.514 | Q2: https://app.clickup.com/t/86eyv1h0g | R2: 86eyv1h0g
A3: 2 | B3: Al-Ahli Club Company | C3: opportunity | D3: urgent | E3: mohamed eladawy | F3: mohamed eladawy | N3: 46272.722 | O3: 46272.723 | Q3: https://app.clickup.com/t/86eyuxng0 | R3: 86eyuxng0
A4: 3 | B4: al-asasyah | C4: opportunity | D4: urgent | E4: mohamed eladawy | F4: mohamed eladawy | J4: https://al-asasyah.com/new/ | N4: 46272.704 | O4: 46272.706 | Q4: https://app.clickup.com/t/86eyuxhjq | R4: 86eyuxhjq
A5: 4 | B5: aromatic للعطور | C5: opportunity | D5: urgent | E5: mohamed eladawy | F5: mohamed eladawy | M5: 46267.167 | N5: 46148.562 | O5: 46267.556 | Q5: https://app.clickup.com/t/86exgvxwr | R5: 86exgvxwr
A6: 5 | B6: Berain Water | C6: opportunity | D6: urgent | E6: mohamed eladawy | F6: mohamed eladawy | J6: https://berain.com.sa/ | N6: 46272.714 | O6: 46272.716 | Q6: https://app.clickup.com/t/86eyuxmck | R6: 86eyuxmck
A7: 6 | B7: Beyyak | C7: opportunity | D7: urgent | E7: Ibrahim Alothman, Tarik Alotay, mohamed eladawy | F7: mohamed eladawy | H7: 966562916940 | I7: Riyadh | J7: https://mahally.com/en/stores/2144568613/ | M7: 46296.167 | N7: 46076.484 | O7: 46271.799 | Q7: https://app.clickup.com/t/86ewpmcdh | R7: 86ewpmcdh
A8: 7 | B8: Black Stamp Roastery | C8: opportunity | D8: urgent | E8: mohamed eladawy | F8: mohamed eladawy | N8: 46155.557 | O8: 46243.701 | Q8: https://app.clickup.com/t/86exker91 | R8: 86exker91
A9: 8 | B9: Blends | C9: opportunity | D9: urgent | E9: mohamed eladawy | F9: mohamed eladawy | N9: 46159.757 | O9: 46261.64 | Q9: https://app.clickup.com/t/86exmrv1x | R9: 86exmrv1x
A10: 9 | B10: Brio | C10: opportunity | D10: urgent | E10: mohamed eladawy | F10: mohamed eladawy | N10: 46155.685 | O10: 46243.701 | Q10: https://app.clickup.com/t/86exkgpcv | R10: 86exkgpcv
A11: 10 | B11: Casio | C11: opportunity | D11: urgent | E11: mohamed eladawy | F11: mohamed eladawy | J11: https://shop.abbar-sa.com/ | N11: 46253.702 | O11: 46259.774 | Q11: https://app.clickup.com/t/86eyp7bc7 | R11: 86eyp7bc7
A12: 11 | B12: coffeesouq | C12: opportunity | D12: urgent | E12: mohamed eladawy | F12: mohamed eladawy | H12: 966540659336 | I12: Al Khobar | J12: https://mahally.com/en/stores/1658035366/ | N12: 46125.647 | O12: 46271.8 | Q12: https://app.clickup.com/t/86ex84c2v | R12: 86ex84c2v
A13: 12 | B13: draljamal | C13: opportunity | D13: urgent | E13: mohamed eladawy | F13: mohamed eladawy | H13: 966591416922 | I13: Riyadh | J13: https://mahally.com/en/stores/1017839016/ | M13: 46270.167 | N13: 46140.626 | O13: 46271.8 | Q13: https://app.clickup.com/t/86exdrtkf | R13: 86exdrtkf
A14: 13 | B14: electroon | C14: opportunity | D14: urgent | E14: mohamed eladawy | F14: mohamed eladawy | N14: 46078.545 | O14: 46254.652 | Q14: https://app.clickup.com/t/86ewqn8tq | R14: 86ewqn8tq
A15: 14 | B15: Freesiashop | C15: opportunity | D15: urgent | E15: mohamed eladawy | F15: mohamed eladawy | N15: 46166.764 | O15: 46259.709 | Q15: https://app.clickup.com/t/86exqc0uw | R15: 86exqc0uw
A16: 15 | B16: grocerjy | C16: opportunity | D16: urgent | E16: mohamed eladawy | F16: mohamed eladawy | J16: https://grocerjy.com/ | N16: 46098.549 | O16: 46260.501 | Q16: https://app.clickup.com/t/86ewyxjrq | R16: 86ewyxjrq
A17: 16 | B17: House - إن هاوس | C17: opportunity | D17: urgent | E17: mohamed eladawy | F17: mohamed eladawy | J17: https://inhouse.sa/ar/ | N17: 46272.71 | O17: 46272.711 | Q17: https://app.clickup.com/t/86eyuxkft | R17: 86eyuxkft
A18: 17 | B18: hugezone | C18: opportunity | D18: urgent | E18: mohamed eladawy | F18: mohamed eladawy | H18: 966501449806 | I18: Riyadh | J18: https://mahally.com/en/stores/1564904143/ | M18: 46295.167 | N18: 46098.635 | O18: 46271.8 | Q18: https://app.clickup.com/t/86ewyytvq | R18: 86ewyytvq
A19: 18 | B19: Lines | C19: opportunity | D19: urgent | E19: mohamed eladawy | F19: mohamed eladawy | H19: 966599308716 | I19: Almajaridah | J19: https://mahally.com/en/stores/675718663/ | N19: 46166.763 | O19: 46271.8 | Q19: https://app.clickup.com/t/86exqc0r7 | R19: 86exqc0r7
A20: 19 | B20: modernsupply | C20: opportunity | D20: urgent | E20: mohamed eladawy | F20: mohamed eladawy | N20: 46085.642 | O20: 46260.454 | Q20: https://app.clickup.com/t/86ewu7hjc | R20: 86ewu7hjc
A21: 20 | B21: nmastores | C21: opportunity | D21: urgent | E21: mohamed eladawy | F21: mohamed eladawy | N21: 46093.649 | O21: 46260.456 | Q21: https://app.clickup.com/t/86ewx8qvn | R21: 86ewx8qvn
A22: 21 | B22: Nova Water | C22: opportunity | D22: urgent | E22: mohamed eladawy | F22: mohamed eladawy | J22: https://novawater.com/ | N22: 46272.711 | O22: 46272.714 | Q22: https://app.clickup.com/t/86eyuxkwa | R22: 86eyuxkwa
A23: 22 | B23: option-b | C23: opportunity | D23: urgent | E23: mohamed eladawy | F23: mohamed eladawy | H23: 966543665012 | I23: Riyadh | J23: https://mahally.com/en/stores/779771963/ | N23: 46097.628 | O23: 46271.8 | Q23: https://app.clickup.com/t/86ewyhebj | R23: 86ewyhebj
A24: 23 | B24: rafahiacoffee | C24: opportunity | D24: urgent | E24: mohamed eladawy | F24: mohamed eladawy | N24: 46098.646 | O24: 46238.544 | Q24: https://app.clickup.com/t/86ewyywvc | R24: 86ewyywvc
A25: 24 | B25: Savola Group | C25: opportunity | D25: urgent | E25: mohamed eladawy | F25: mohamed eladawy | N25: 46272.725 | O25: 46272.727 | Q25: https://app.clickup.com/t/86eyuxp0v | R25: 86eyuxp0v
A26: 25 | B26: Shelf | C26: opportunity | D26: urgent | E26: mohamed eladawy | F26: mohamed eladawy | H26: 966560083734 | I26: Al Ahsa | J26: https://mahally.com/en/stores/1991402881/ | N26: 46159.656 | O26: 46271.8 | Q26: https://app.clickup.com/t/86exmqunx | R26: 86exmqunx
A27: 26 | B27: sleepbox | C27: opportunity | D27: urgent | E27: mohamed eladawy | F27: mohamed eladawy | M27: 46269.167 | N27: 46097.634 | O27: 46260.654 | Q27: https://app.clickup.com/t/86ewyhgn0 | R27: 86ewyhgn0
A28: 27 | B28: Swis sstar | C28: opportunity | D28: urgent | E28: mohamed eladawy | F28: mohamed eladawy | H28: 966501117930 | I28: Khamis Mushait | J28: https://mahally.com/en/stores/1680923228/ | N28: 46159.689 | O28: 46271.8 | Q28: https://app.clickup.com/t/86exmr2vb | R28: 86exmr2vb
A29: 28 | B29: wixtore | C29: opportunity | D29: urgent | E29: mohamed eladawy | F29: mohamed eladawy | N29: 46127.652 | O29: 46238.631 | Q29: https://app.clickup.com/t/86ex8z087 | R29: 86ex8z087
A30: 29 | B30: ابراق | C30: opportunity | D30: urgent | E30: mohamed eladawy | F30: mohamed eladawy | M30: 46292.167 | N30: 46068.656 | O30: 46272.577 | Q30: https://app.clickup.com/t/86ewm55vt | R30: 86ewm55vt
A31: 30 | B31: العراب | C31: opportunity | D31: urgent | E31: mohamed eladawy | F31: mohamed eladawy | H31: 920000152 | I31: Buraydah | J31: https://mahally.com/en/stores/862218137/ | N31: 46162.614 | O31: 46271.8 | Q31: https://app.clickup.com/t/86exnz8rk | R31: 86exnz8rk
A32: 31 | B32: باتونيا | C32: opportunity | D32: urgent | E32: Ibrahim Alothman, mohamed eladawy | F32: Tarik Alotay | H32: 966553533997 | I32: Riyadh | J32: https://batonia.com/ | N32: 45879.771 | O32: 46271.8 | Q32: https://app.clickup.com/t/86euermyn | R32: 86euermyn
A33: 32 | B33: جوادير | C33: opportunity | D33: urgent | E33: mohamed eladawy | F33: mohamed eladawy | N33: 46155.709 | O33: 46251.709 | Q33: https://app.clickup.com/t/86exkh1y9 | R33: 86exkh1y9
A34: 33 | B34: خطوه جمل | C34: opportunity | D34: urgent | E34: mohamed eladawy | F34: mohamed eladawy | N34: 46152.645 | O34: 46243.702 | Q34: https://app.clickup.com/t/86exj2hky | R34: 86exj2hky
A35: 34 | B35: ركن السرير | C35: opportunity | D35: urgent | E35: mohamed eladawy | F35: mohamed eladawy | N35: 46155.58 | O35: 46261.696 | Q35: https://app.clickup.com/t/86exkf99d | R35: 86exkf99d
A36: 35 | B36: زد كب | C36: opportunity | D36: urgent | E36: mohamed eladawy | F36: mohamed eladawy | H36: 966508591561 | I36: Addayer | J36: https://mahally.com/en/stores/182989462/ | N36: 46158.616 | O36: 46271.8 | Q36: https://app.clickup.com/t/86exmje5m | R36: 86exmje5m
A37: 36 | B37: زرافة | C37: opportunity | D37: urgent | E37: mohamed eladawy | F37: mohamed eladawy | H37: 966534115111 | I37: Riyadh | J37: https://mahally.com/en/stores/1461081935/ | N37: 46151.56 | O37: 46271.8 | Q37: https://app.clickup.com/t/86exhx2fp | R37: 86exhx2fp
A38: 37 | B38: شركة بنتي للصناعة | C38: opportunity | D38: urgent | E38: mohamed eladawy | F38: mohamed eladawy | N38: 46173.752 | O38: 46243.694 | Q38: https://app.clickup.com/t/86extcnzm | R38: 86extcnzm
A39: 38 | B39: شركة رياحين | C39: opportunity | D39: urgent | E39: mohamed eladawy | F39: mohamed eladawy | N39: 46173.748 | O39: 46243.694 | Q39: https://app.clickup.com/t/86extcj9k | R39: 86extcj9k
A40: 39 | B40: عالم الصفوه | C40: opportunity | D40: urgent | E40: mohamed eladawy | F40: mohamed eladawy | N40: 46159.638 | O40: 46243.699 | Q40: https://app.clickup.com/t/86exmqnjt | R40: 86exmqnjt
A41: 40 | B41: قهوتى | C41: opportunity | D41: urgent | E41: mohamed eladawy | F41: mohamed eladawy | N41: 46125.665 | O41: 46244.569 | Q41: https://app.clickup.com/t/86ex84m2f | R41: 86ex84m2f
A42: 41 | B42: كتب سقف | C42: opportunity | D42: urgent | E42: mohamed eladawy | F42: mohamed eladawy | N42: 46165.711 | O42: 46251.612 | Q42: https://app.clickup.com/t/86exq5gcp | R42: 86exq5gcp
A43: 42 | B43: لويس نايس | C43: opportunity | D43: urgent | E43: mohamed eladawy | F43: mohamed eladawy | H43: 966566289157 | I43: Jeddah | J43: https://mahally.com/en/stores/1238707016/ | N43: 46162.601 | O43: 46271.8 | Q43: https://app.clickup.com/t/86exnyxmq | R43: 86exnyxmq
A44: 43 | B44: متجر سبون | C44: opportunity | D44: urgent | E44: mohamed eladawy | F44: mohamed eladawy | H44: — | I44: Jeddah | J44: https://mahally.com/en/stores/449953746/ | N44: 46159.671 | O44: 46271.8 | Q44: https://app.clickup.com/t/86exmqy14 | R44: 86exmqy14
A45: 44 | B45: متجر سياف | C45: opportunity | D45: urgent | E45: mohamed eladawy | F45: mohamed eladawy | H45: 966532852169 | I45: Najran | J45: https://mahally.com/en/stores/558258409/ | N45: 46148.002 | O45: 46271.8 | Q45: https://app.clickup.com/t/86exgke8d | R45: 86exgke8d
A46: 45 | B46: مراتب سيلي | C46: opportunity | D46: urgent | E46: mohamed eladawy | F46: mohamed eladawy | N46: 46159.648 | O46: 46243.699 | Q46: https://app.clickup.com/t/86exmqrj2 | R46: 86exmqrj2
A47: 46 | B47: ناتشورال تاتش | C47: opportunity | D47: urgent | E47: mohamed eladawy | F47: mohamed eladawy | J47: https://ntshop.sa/ | N47: 46273.517 | O47: 46273.519 | Q47: https://app.clickup.com/t/86eyv1qur | R47: 86eyv1qur
A48: 47 | B48: نادى النصر | C48: opportunity | D48: urgent | E48: mohamed eladawy | F48: mohamed eladawy | N48: 46272.723 | O48: 46272.724 | Q48: https://app.clickup.com/t/86eyuxnru | R48: 86eyuxnru
A49: 48 | B49: نادي الهلال السعودي - Al-Hilal Saudi Club | C49: opportunity | D49: urgent | E49: mohamed eladawy | F49: mohamed eladawy | J49: https://blustore.com/en | N49: 46272.718 | O49: 46272.72 | Q49: https://app.clickup.com/t/86eyuxmzv | R49: 86eyuxmzv
A50: 49 | B50: نايس | C50: opportunity | D50: urgent | E50: mohamed eladawy | F50: mohamed eladawy | N50: 46162.656 | O50: 46243.697 | Q50: https://app.clickup.com/t/86exnzxvb | R50: 86exnzxvb
A51: 50 | B51: هيلث اند بيوتي انترناشونال | C51: opportunity | D51: urgent | E51: mohamed eladawy | F51: mohamed eladawy | J51: https://hbime.ae/ar/cart | N51: 46272.707 | O51: 46272.708 | Q51: https://app.clickup.com/t/86eyuxj8y | R51: 86eyuxj8y
A52: 51 | B52: ARES | C52: propose | D52: urgent | E52: mohamed eladawy | F52: mohamed eladawy | N52: 46141.703 | O52: 46147.837 | Q52: https://app.clickup.com/t/86exea5wv | R52: 86exea5wv
A53: 52 | B53: Kaif AlShiuokh | C53: propose | D53: urgent | E53: mohamed eladawy | F53: mohamed eladawy | N53: 46076.514 | O53: 46240.542 | Q53: https://app.clickup.com/t/86ewpn68r | R53: 86ewpn68r
A54: 53 | B54: دسار | C54: propose | D54: urgent | E54: mohamed eladawy | F54: mohamed eladawy | K54: 46070.167 | N54: 46056.825 | O54: 46251.729 | P54: تمت بينا مكالمه طويله و تم تحديد اجتماع غدا | Q54: https://app.clickup.com/t/86ewg2pfb | R54: 86ewg2pfb
A55: 54 | B55: سيليا | C55: propose | D55: urgent | E55: mohamed eladawy, Ibrahim Alothman | F55: mohamed eladawy | M55: 46296.167 | N55: 45985.926 | O55: 46260.702 | P55: فى انتظار تحديد اجتماع | Q55: https://app.clickup.com/t/86evmt0mu | R55: 86evmt0mu
A56: 55 | B56: لامينا | C56: propose | D56: urgent | E56: mohamed eladawy | F56: mohamed eladawy | N56: 46155.689 | O56: 46272.765 | Q56: https://app.clickup.com/t/86exkgqve | R56: 86exkgqve
A57: 56 | B57: نجد العذيه | C57: propose | D57: urgent | E57: mohamed eladawy, Ibrahim Alothman | F57: mohamed eladawy | M57: 46288.167 | N57: 46147.846 | O57: 46260.699 | Q57: https://app.clickup.com/t/86exgjb28 | R57: 86exgjb28
A58: 57 | B58: Alsannat | C58: meeting | D58: urgent | E58: mohamed eladawy | F58: mohamed eladawy | M58: 46267.167 | N58: 46159.762 | O58: 46260.678 | Q58: https://app.clickup.com/t/86exmrx44 | R58: 86exmrx44
A59: 58 | B59: alsultan | C59: meeting | D59: urgent | E59: mohamed eladawy | F59: mohamed eladawy | H59: 966555621663 | I59: Jeddah | J59: https://mahally.com/en/stores/341398094/ | M59: 46266.167 | N59: 46089.595 | O59: 46271.8 | Q59: https://app.clickup.com/t/86ewvkk11 | R59: 86ewvkk11
A60: 59 | B60: bajah | C60: meeting | D60: urgent | E60: mohamed eladawy | F60: mohamed eladawy | M60: 46261.167 | N60: 45985.927 | O60: 46260.677 | Q60: https://app.clickup.com/t/86evmt0vu | R60: 86evmt0vu
A61: 60 | B61: becarestore | C61: meeting | D61: urgent | E61: mohamed eladawy | F61: mohamed eladawy | N61: 46098.542 | O61: 46265.474 | Q61: https://app.clickup.com/t/86ewyxfv8 | R61: 86ewyxfv8
A62: 61 | B62: raedsports | C62: meeting | D62: urgent | E62: mohamed eladawy | F62: mohamed eladawy | J62: https://raedsports.com/ | N62: 46265.615 | O62: 46265.618 | Q62: https://app.clickup.com/t/86eyta3p4 | R62: 86eyta3p4
A63: 62 | B63: Tania Water | C63: meeting | D63: urgent | E63: mohamed eladawy | F63: mohamed eladawy | J63: https://store.taniawater.sa/ar/ | N63: 46272.716 | O63: 46272.718 | Q63: https://app.clickup.com/t/86eyuxmph | R63: 86eyuxmph
A64: 63 | B64: بتسى | C64: meeting | D64: urgent | E64: mohamed eladawy | F64: mohamed eladawy | N64: 46151.565 | O64: 46260.678 | Q64: https://app.clickup.com/t/86exhx3c8 | R64: 86exhx3c8
A65: 64 | B65: بيت التحميص | C65: meeting | D65: urgent | E65: mohamed eladawy | F65: mohamed eladawy | N65: 46084.589 | O65: 46260.652 | Q65: https://app.clickup.com/t/86ewtpkua | R65: 86ewtpkua
A66: 65 | B66: شركة خبراء الراحة للتجارة | C66: meeting | D66: urgent | E66: mohamed eladawy | F66: mohamed eladawy | H66: 966554567796 | I66: Riyadh | J66: https://mahally.com/en/stores/215019543/ | N66: 46155.69 | O66: 46271.8 | Q66: https://app.clickup.com/t/86exkgr72 | R66: 86exkgr72
A67: 66 | B67: مناديل قصة | C67: meeting | D67: urgent | E67: mohamed eladawy | F67: mohamed eladawy | H67: 966550085002 | I67: Riyadh | J67: https://mahally.com/en/stores/1395292344/ | M67: 46288.167 | N67: 46055.867 | O67: 46274.566 | P67: تم ارسال البروفيل و متابعه | Q67: https://app.clickup.com/t/86ewfc8vn | R67: 86ewfc8vn
A68: 67 | B68: هناك | C68: meeting | D68: urgent | E68: mohamed eladawy | F68: mohamed eladawy | N68: 46166.512 | O68: 46265.456 | Q68: https://app.clickup.com/t/86exq9tbf | R68: 86exq9tbf
A69: 68 | B69: Dar Sonbol Co, Ltd | C69: approved | D69: urgent | E69: mohamed eladawy | F69: mohamed eladawy | N69: 46065.726 | O69: 46243.703 | Q69: https://app.clickup.com/t/86ewke2pj | R69: 86ewke2pj
A70: 69 | B70: Inivita | C70: approved | D70: urgent | N70: 45838.045 | O70: 46265.844 | Q70: https://app.clickup.com/t/86eu04da8 | R70: 86eu04da8
A71: 70 | B71: aletawiksa | C71: postpone | D71: urgent | E71: mohamed eladawy | F71: mohamed eladawy | N71: 46133.638 | O71: 46217.632 | Q71: https://app.clickup.com/t/86exb2et5 | R71: 86exb2et5
A72: 71 | B72: ALKAFFARY GROUP | C72: postpone | D72: urgent | E72: mohamed eladawy | F72: mohamed eladawy | N72: 46077.568 | O72: 46231.552 | Q72: https://app.clickup.com/t/86ewq74gf | R72: 86ewq74gf
A73: 72 | B73: Arabian Trading Supplies | C73: postpone | D73: urgent | E73: mohamed eladawy | F73: mohamed eladawy | N73: 46092.657 | O73: 46231.552 | Q73: https://app.clickup.com/t/86ewww8a6 | R73: 86ewww8a6
A74: 73 | B74: asnasstore | C74: postpone | D74: urgent | E74: mohamed eladawy | F74: mohamed eladawy | N74: 46079.613 | O74: 46197.694 | Q74: https://app.clickup.com/t/86ewr3jun | R74: 86ewr3jun
A75: 74 | B75: asteribeauty | C75: postpone | D75: urgent | E75: mohamed eladawy | F75: mohamed eladawy | N75: 46138.765 | O75: 46217.636 | Q75: https://app.clickup.com/t/86excxtk9 | R75: 86excxtk9
A76: 75 | B76: azyan | C76: postpone | D76: urgent | E76: mohamed eladawy | F76: mohamed eladawy | N76: 46132.746 | O76: 46190.747 | Q76: https://app.clickup.com/t/86exandae | R76: 86exandae
A77: 76 | B77: balsam-store | C77: postpone | D77: urgent | E77: mohamed eladawy | F77: mohamed eladawy | N77: 46134.698 | O77: 46197.686 | Q77: https://app.clickup.com/t/86exbhcpp | R77: 86exbhcpp
A78: 77 | B78: Baytonia | C78: postpone | D78: urgent | E78: mohamed eladawy | F78: mohamed eladawy | N78: 46077.56 | O78: 46175.695 | Q78: https://app.clickup.com/t/86ewq6w18 | R78: 86ewq6w18
A79: 78 | B79: Buff | C79: postpone | D79: urgent | E79: mohamed eladawy | F79: mohamed eladawy | M79: 46264.5 | N79: 46159.749 | O79: 46268.478 | Q79: https://app.clickup.com/t/86exmrpcb | R79: 86exmrpcb
A80: 79 | B80: Deraah Trading Company | C80: postpone | D80: urgent | E80: mohamed eladawy | F80: mohamed eladawy | N80: 46071.685 | O80: 46217.64 | Q80: https://app.clickup.com/t/86ewn88uc | R80: 86ewn88uc
A81: 80 | B81: Elfaleh Sports House | C81: postpone | D81: urgent | E81: mohamed eladawy | F81: mohamed eladawy | K81: 46078.167 | N81: 46070.514 | O81: 46240.487 | Q81: https://app.clickup.com/t/86ewmtj0w | R81: 86ewmtj0w
A82: 81 | B82: eshq.coffee | C82: postpone | D82: urgent | E82: mohamed eladawy | F82: mohamed eladawy | N82: 46091.58 | O82: 46197.673 | Q82: https://app.clickup.com/t/86ewwdt99 | R82: 86ewwdt99
A83: 82 | B83: finjalcoffeealshiuokh | C83: postpone | D83: urgent | E83: mohamed eladawy | F83: mohamed eladawy | N83: 46091.638 | O83: 46217.615 | Q83: https://app.clickup.com/t/86ewwep11 | R83: 86ewwep11
A84: 83 | B84: goldenwingas متجر الجناح الذهبى | C84: postpone | D84: urgent | E84: mohamed eladawy | F84: mohamed eladawy | N84: 46134.689 | O84: 46217.631 | Q84: https://app.clickup.com/t/86exbh94t | R84: 86exbh94t
A85: 84 | B85: jarrahshop | C85: postpone | D85: urgent | E85: mohamed eladawy | F85: mohamed eladawy | N85: 46098.632 | O85: 46217.615 | Q85: https://app.clickup.com/t/86ewyyqt7 | R85: 86ewyyqt7
A86: 85 | B86: kabrita | C86: postpone | D86: urgent | E86: mohamed eladawy | F86: mohamed eladawy | N86: 46085.008 | O86: 46176.686 | Q86: https://app.clickup.com/t/86ewtvrx0 | R86: 86ewtvrx0
A87: 86 | B87: Mohjah | C87: postpone | D87: urgent | E87: mohamed eladawy | F87: Tarik Alotay | N87: 45839.854 | O87: 46243.706 | Q87: https://app.clickup.com/t/86eu143rr | R87: 86eu143rr
A88: 87 | B88: mokab | C88: postpone | D88: urgent | E88: mohamed eladawy | F88: mohamed eladawy | H88: 114588883 | I88: Riyadh | J88: https://mahally.com/en/stores/752550455/ | N88: 46133.644 | O88: 46271.8 | Q88: https://app.clickup.com/t/86exb2huw | R88: 86exb2huw
A89: 88 | B89: nazih | C89: postpone | D89: urgent | E89: mohamed eladawy | F89: mohamed eladawy | N89: 46079.601 | O89: 46197.661 | Q89: https://app.clickup.com/t/86ewr3dxt | R89: 86ewr3dxt
A90: 89 | B90: nishman | C90: postpone | D90: urgent | E90: mohamed eladawy | F90: mohamed eladawy | M90: 46069.167 | N90: 46069.696 | O90: 46243.703 | P90: تم شرح كامل للمنصه و تم ارسال البروفيل و هتعرض عل الاداره و متابعه | Q90: https://app.clickup.com/t/86ewmhu0t | R90: 86ewmhu0t
A91: 90 | B91: rebunesastore | C91: postpone | D91: urgent | E91: mohamed eladawy | F91: mohamed eladawy | N91: 46078.566 | O91: 46194.635 | Q91: https://app.clickup.com/t/86ewqnk96 | R91: 86ewqnk96
A92: 91 | B92: sarah store | C92: postpone | D92: urgent | E92: mohamed eladawy | F92: mohamed eladawy | H92: 966553291454 | I92: Riyadh | J92: https://mahally.com/en/stores/1165709693/ | N92: 46085.539 | O92: 46271.799 | Q92: https://app.clickup.com/t/86ewu5rrc | R92: 86ewu5rrc
A93: 92 | B93: Specialty Hub | C93: postpone | D93: urgent | E93: mohamed eladawy | F93: mohamed eladawy | N93: 46093.656 | O93: 46187.732 | Q93: https://app.clickup.com/t/86ewx8ur4 | R93: 86ewx8ur4
A94: 93 | B94: Sulalat Coffee سلالات القهوة | C94: postpone | D94: urgent | E94: mohamed eladawy, Ibrahim Alothman | F94: mohamed eladawy | N94: 46084.642 | O94: 46251.729 | Q94: https://app.clickup.com/t/86ewtqe4w | R94: 86ewtqe4w
A95: 94 | B95: waya store | C95: postpone | D95: urgent | E95: mohamed eladawy | F95: mohamed eladawy | H95: 966539520697 | I95: Riyadh | J95: https://mahally.com/en/stores/600817462/ | N95: 46097.592 | O95: 46271.8 | Q95: https://app.clickup.com/t/86ewygvpx | R95: 86ewygvpx
A96: 95 | B96: wtr | C96: postpone | D96: urgent | E96: mohamed eladawy | F96: mohamed eladawy | N96: 46125.66 | O96: 46190.638 | Q96: https://app.clickup.com/t/86ex84j6t | R96: 86ex84j6t
A97: 96 | B97: الف | C97: postpone | D97: urgent | E97: Ibrahim Alothman, mohamed eladawy | F97: Tarik Alotay | N97: 45985.928 | O97: 46265.842 | Q97: https://app.clickup.com/t/86evmt13a | R97: 86evmt13a
A98: 97 | B98: الماس للعطور | C98: postpone | D98: urgent | E98: mohamed eladawy | F98: mohamed eladawy | N98: 46145.711 | O98: 46231.554 | Q98: https://app.clickup.com/t/86exfmv38 | R98: 86exfmv38
A99: 98 | B99: باندوز | C99: postpone | D99: urgent | E99: mohamed eladawy | F99: mohamed eladawy | N99: 46139.605 | O99: 46243.703 | Q99: https://app.clickup.com/t/86exd968m | R99: 86exd968m
A100: 99 | B100: بلاك نايت Black Knight | C100: postpone | D100: urgent | E100: mohamed eladawy | F100: mohamed eladawy | N100: 46091.591 | O100: 46231.554 | Q100: https://app.clickup.com/t/86ewwdyku | R100: 86ewwdyku
...

Sheet Summary
A1: Nasam — Brands Leads export
A3: Source | B3: ClickUp › Nasam Growth › Brands Leads (list 901809161015)
A4: Filter | B4: Status is NOT "lead" AND Priority is High or Urgent
A5: Leads in list | B5: 6067
A6: Leads exported | B6: ='High & Urgent Leads'!A285 -> 284
A7: Pulled | B7: 2026-09-09 16:25 (Riyadh)
A9: Breakdown — status × priority
A10: Status | B10: Urgent | C10: High | D10: Total
A11: opportunity | B11: =COUNTIFS('High & Urgent Leads'!$C$2:$C$285,$A11,'High & Urgent Leads'!$D$2:$D$285,B$10) -> 50 | C11: =COUNTIFS('High & Urgent Leads'!$C$2:$C$285,$A11,'High & Urgent Leads'!$D$2:$D$285,C$10) -> 60 | D11: =SUM(B11:C11) -> 110
A12: propose | B12: =COUNTIFS('High & Urgent Leads'!$C$2:$C$285,$A12,'High & Urgent Leads'!$D$2:$D$285,B$10) -> 6 | C12: =COUNTIFS('High & Urgent Leads'!$C$2:$C$285,$A12,'High & Urgent Leads'!$D$2:$D$285,C$10) -> 2 | D12: =SUM(B12:C12) -> 8
A13: meeting | B13: =COUNTIFS('High & Urgent Leads'!$C$2:$C$285,$A13,'High & Urgent Leads'!$D$2:$D$285,B$10) -> 11 | C13: =COUNTIFS('High & Urgent Leads'!$C$2:$C$285,$A13,'High & Urgent Leads'!$D$2:$D$285,C$10) -> 2 | D13: =SUM(B13:C13) -> 13
A14: approved | B14: =COUNTIFS('High & Urgent Leads'!$C$2:$C$285,$A14,'High & Urgent Leads'!$D$2:$D$285,B$10) -> 2 | C14: =COUNTIFS('High & Urgent Leads'!$C$2:$C$285,$A14,'High & Urgent Leads'!$D$2:$D$285,C$10) -> 2 | D14: =SUM(B14:C14) -> 4
A15: postpone | B15: =COUNTIFS('High & Urgent Leads'!$C$2:$C$285,$A15,'High & Urgent Leads'!$D$2:$D$285,B$10) -> 39 | C15: =COUNTIFS('High & Urgent Leads'!$C$2:$C$285,$A15,'High & Urgent Leads'!$D$2:$D$285,C$10) -> 57 | D15: =SUM(B15:C15) -> 96
A16: rejected | B16: =COUNTIFS('High & Urgent Leads'!$C$2:$C$285,$A16,'High & Urgent Leads'!$D$2:$D$285,B$10) -> 24 | C16: =COUNTIFS('High & Urgent Leads'!$C$2:$C$285,$A16,'High & Urgent Leads'!$D$2:$D$285,C$10) -> 20 | D16: =SUM(B16:C16) -> 44
A17: churned | B17: =COUNTIFS('High & Urgent Leads'!$C$2:$C$285,$A17,'High & Urgent Leads'!$D$2:$D$285,B$10) -> 6 | C17: =COUNTIFS('High & Urgent Leads'!$C$2:$C$285,$A17,'High & Urgent Leads'!$D$2:$D$285,C$10) -> 3 | D17: =SUM(B17:C17) -> 9
A18: Total | B18: =SUM(B11:B17) -> 138 | C18: =SUM(C11:C17) -> 146 | D18: =SUM(D11:D17) -> 284
A20: Notes: counts are COUNTIFS formulas over the "High & Urgent Leads" sheet, so they follow any row you delete or re-filter.
A21: Phone and City are parsed from the ClickUp task description and are blank where the task carries no description.
A22: Dates are shown in Riyadh time (UTC+3). Blank means the field is empty in ClickUp.
